timestamp,host_time,ch0_A
0.0062,2026-10-02T22:06:58.714,0.02
0.0147,2026-10-02T22:06:58.723,0.015
0.0248,2026-10-02T22:06:58.733,0.047
0.0347,2026-10-02T22:06:58.743,-0.007
0.0463,2026-10-02T22:06:58.755,0.003
0.0544,2026-10-02T22:06:58.763,0.003
0.0645,2026-10-02T22:06:58.773,0.013000000000000001
0.0749,2026-10-02T22:06:58.783,0.018000000000000002
0.0947,2026-10-02T22:06:58.803,-0.009000000000000001
0.1148,2026-10-02T22:06:58.823,0.008
0.1283,2026-10-02T22:06:58.837,0.008
0.1291,2026-10-02T22:06:58.837,0.001
0.1447,2026-10-02T22:06:58.853,0.005
0.1548,2026-10-02T22:06:58.863,0.003
0.1770,2026-10-02T22:06:58.885,0.005
0.1883,2026-10-02T22:06:58.897,0.003
0.1949,2026-10-02T22:06:58.903,0.01
0.2045,2026-10-02T22:06:58.913,0.001
0.2252,2026-10-02T22:06:58.933,0.003
0.2257,2026-10-02T22:06:58.934,-0.002
0.2447,2026-10-02T22:06:58.953,0.005
0.2547,2026-10-02T22:06:58.963,-0.009000000000000001
0.2643,2026-10-02T22:06:58.973,0.023
0.2745,2026-10-02T22:06:58.983,-0.004
0.2975,2026-10-02T22:06:59.006,0.003
0.3046,2026-10-02T22:06:59.013,-0.004
0.3144,2026-10-02T22:06:59.023,0.023
0.3254,2026-10-02T22:06:59.034,0.02
0.3353,2026-10-02T22:06:59.044,-0.004
0.3444,2026-10-02T22:06:59.053,0.005
0.3585,2026-10-02T22:06:59.067,0.015
0.3645,2026-10-02T22:06:59.073,0.001
0.3755,2026-10-02T22:06:59.084,0.023
0.4045,2026-10-02T22:06:59.113,-0.012
0.4148,2026-10-02T22:06:59.123,0.008
0.4247,2026-10-02T22:06:59.133,0.003
0.4370,2026-10-02T22:06:59.145,0.01
0.4446,2026-10-02T22:06:59.153,-0.007
0.4547,2026-10-02T22:06:59.163,-0.002
0.4645,2026-10-02T22:06:59.173,-0.002
0.4744,2026-10-02T22:06:59.183,0.01
0.4945,2026-10-02T22:06:59.203,0.008
0.5053,2026-10-02T22:06:59.214,-0.026000000000000002
0.5147,2026-10-02T22:06:59.223,0.003
0.5248,2026-10-02T22:06:59.233,0.001
0.5346,2026-10-02T22:06:59.243,-0.017
0.5480,2026-10-02T22:06:59.256,0.001
0.5549,2026-10-02T22:06:59.263,0.001
0.5647,2026-10-02T22:06:59.273,0.003
0.5845,2026-10-02T22:06:59.293,-0.002
0.5946,2026-10-02T22:06:59.303,0.005
0.6144,2026-10-02T22:06:59.323,0.005
0.6245,2026-10-02T22:06:59.333,0.015
0.6342,2026-10-02T22:06:59.343,-0.004
0.6445,2026-10-02T22:06:59.353,0.01
0.6546,2026-10-02T22:06:59.363,-0.004
0.6643,2026-10-02T22:06:59.373,-0.009000000000000001
0.6744,2026-10-02T22:06:59.383,-0.019
0.6855,2026-10-02T22:06:59.394,0.015
0.7049,2026-10-02T22:06:59.413,-0.007
0.7147,2026-10-02T22:06:59.423,-0.002
0.7355,2026-10-02T22:06:59.444,0.005
0.7359,2026-10-02T22:06:59.444,0.008
0.7547,2026-10-02T22:06:59.463,0.003
0.7649,2026-10-02T22:06:59.473,-0.004
0.7744,2026-10-02T22:06:59.483,-0.017
0.7844,2026-10-02T22:06:59.493,0.015
0.8048,2026-10-02T22:06:59.513,0.005
0.8143,2026-10-02T22:06:59.523,0.003
0.8245,2026-10-02T22:06:59.533,-0.002
0.8343,2026-10-02T22:06:59.543,0.005
0.8445,2026-10-02T22:06:59.553,-0.002
0.8547,2026-10-02T22:06:59.563,0.018000000000000002
0.8644,2026-10-02T22:06:59.573,-0.012
0.8754,2026-10-02T22:06:59.584,0.013000000000000001
0.8947,2026-10-02T22:06:59.603,-0.002
