timestamp,host_time,ch0_V
0.0065,2026-10-02T22:06:58.715,3.332
0.0151,2026-10-02T22:06:58.723,3.338
0.0252,2026-10-02T22:06:58.734,3.3200000000000003
0.0351,2026-10-02T22:06:58.743,3.36
0.0465,2026-10-02T22:06:58.755,3.362
0.0547,2026-10-02T22:06:58.763,3.335
0.0648,2026-10-02T22:06:58.773,3.351
0.0752,2026-10-02T22:06:58.784,3.338
0.0954,2026-10-02T22:06:58.804,3.368
0.1155,2026-10-02T22:06:58.824,3.36
0.1288,2026-10-02T22:06:58.837,3.326
0.1293,2026-10-02T22:06:58.838,3.362
0.1453,2026-10-02T22:06:58.854,3.341
0.1553,2026-10-02T22:06:58.864,3.345
0.1779,2026-10-02T22:06:58.886,3.351
0.1887,2026-10-02T22:06:58.897,3.362
0.1956,2026-10-02T22:06:58.904,3.338
0.2051,2026-10-02T22:06:58.913,3.351
0.2255,2026-10-02T22:06:58.934,3.378
0.2260,2026-10-02T22:06:58.934,3.338
0.2450,2026-10-02T22:06:58.953,3.362
0.2549,2026-10-02T22:06:58.963,3.338
0.2646,2026-10-02T22:06:58.973,3.3280000000000003
0.2748,2026-10-02T22:06:58.983,3.347
0.2978,2026-10-02T22:06:59.006,3.338
0.3050,2026-10-02T22:06:59.013,3.332
0.3147,2026-10-02T22:06:59.023,3.307
0.3258,2026-10-02T22:06:59.034,3.351
0.3357,2026-10-02T22:06:59.044,3.378
0.3447,2026-10-02T22:06:59.053,3.341
0.3587,2026-10-02T22:06:59.067,3.362
0.3646,2026-10-02T22:06:59.073,3.356
0.3757,2026-10-02T22:06:59.084,3.351
0.4049,2026-10-02T22:06:59.113,3.338
0.4152,2026-10-02T22:06:59.123,3.335
0.4250,2026-10-02T22:06:59.133,3.3280000000000003
0.4373,2026-10-02T22:06:59.146,3.351
0.4449,2026-10-02T22:06:59.153,3.341
0.4550,2026-10-02T22:06:59.163,3.332
0.4649,2026-10-02T22:06:59.173,3.36
0.4747,2026-10-02T22:06:59.183,3.353
0.4948,2026-10-02T22:06:59.203,3.366
0.5056,2026-10-02T22:06:59.214,3.261
0.5150,2026-10-02T22:06:59.223,3.366
0.5251,2026-10-02T22:06:59.233,3.341
0.5349,2026-10-02T22:06:59.243,3.366
0.5483,2026-10-02T22:06:59.257,3.338
0.5552,2026-10-02T22:06:59.263,3.335
0.5650,2026-10-02T22:06:59.273,3.378
0.5848,2026-10-02T22:06:59.293,3.399
0.5948,2026-10-02T22:06:59.303,3.322
0.6147,2026-10-02T22:06:59.323,3.335
0.6249,2026-10-02T22:06:59.333,3.332
0.6345,2026-10-02T22:06:59.343,3.311
0.6448,2026-10-02T22:06:59.353,3.368
0.6549,2026-10-02T22:06:59.363,3.345
0.6645,2026-10-02T22:06:59.373,3.347
0.6747,2026-10-02T22:06:59.383,3.372
0.6859,2026-10-02T22:06:59.394,3.338
0.7052,2026-10-02T22:06:59.414,3.345
0.7150,2026-10-02T22:06:59.423,3.362
0.7357,2026-10-02T22:06:59.444,3.332
0.7360,2026-10-02T22:06:59.444,3.322
0.7550,2026-10-02T22:06:59.463,3.341
0.7653,2026-10-02T22:06:59.474,3.347
0.7747,2026-10-02T22:06:59.483,3.347
0.7847,2026-10-02T22:06:59.493,3.332
0.8051,2026-10-02T22:06:59.513,3.322
0.8146,2026-10-02T22:06:59.523,3.338
0.8248,2026-10-02T22:06:59.533,3.3810000000000002
0.8346,2026-10-02T22:06:59.543,3.335
0.8448,2026-10-02T22:06:59.553,3.351
0.8551,2026-10-02T22:06:59.563,3.351
0.8647,2026-10-02T22:06:59.573,3.345
0.8757,2026-10-02T22:06:59.584,3.3280000000000003
0.8950,2026-10-02T22:06:59.603,3.3280000000000003
